{"cameraMode":{"drawMode":0,"name":"Shaded","section":"Shading Mode"},"sceneLighting":true,"audioPlay":false,"sceneViewState":{"m_AlwaysRefresh":false,"showFog":true,"showSkybox":true,"showFlares":true,"showImageEffects":true,"showParticleSystems":true,"showVisualEffectGraphs":true,"m_FxEnabled":true},"in2DMode":false,"pivot":{"x":0.006000012159347534,"y":1.0980000495910645,"z":-0.24379998445510865},"rotation":{"x":-0.17110829055309297,"y":-0.393344908952713,"z":0.07473596930503845,"w":-0.9002903699874878},"size":1.217068076133728,"orthographic":false}