{"cameraMode":{"drawMode":0,"name":"Shaded","section":"Shading Mode"},"sceneLighting":false,"audioPlay":false,"sceneViewState":{"m_AlwaysRefresh":false,"showFog":true,"showSkybox":false,"showFlares":true,"showImageEffects":true,"showParticleSystems":true,"showVisualEffectGraphs":true,"m_FxEnabled":true},"in2DMode":false,"pivot":{"x":0.23693999648094178,"y":1.0866501331329346,"z":3.3769259452819826},"rotation":{"x":0.3481625020503998,"y":-0.43832889199256899,"z":0.1891636699438095,"w":0.8067651987075806},"size":4.995181083679199,"orthographic":false}