{"cameraMode":{"drawMode":0,"name":"Shaded","section":"Shading Mode"},"sceneLighting":false,"audioPlay":false,"sceneViewState":{"m_AlwaysRefresh":false,"showFog":true,"showSkybox":false,"showFlares":true,"showImageEffects":true,"showParticleSystems":true,"showVisualEffectGraphs":true,"m_FxEnabled":true},"in2DMode":false,"pivot":{"x":1.3006799221038819,"y":0.12641847133636475,"z":2.5659637451171877},"rotation":{"x":-0.0015383929712697864,"y":-0.9747823476791382,"z":0.2231135368347168,"w":-0.006728488486260176},"size":0.6010201573371887,"orthographic":false}